{
  "location": "Jogimatti",
  "n_train": 7008,
  "n_test": 1752,
  "CNN_LSTM": {
    "speed_metrics": {
      "MAE": 0.7651200890541077,
      "RMSE": 0.9871092469879901,
      "R2": 0.680057942867279
    },
    "power_metrics": {
      "MAE": 0.04191834869450438,
      "RMSE": 0.061693754183113986,
      "R2": 0.7328338087564796
    }
  },
  "GB_LSTM": {
    "speed_metrics": {
      "MAE": 0.5072560663755141,
      "RMSE": 0.6922638142128824,
      "R2": 0.842643706546585
    },
    "power_metrics": {
      "MAE": 0.03112740340484653,
      "RMSE": 0.054890815142273335,
      "R2": 0.7885057998303293
    }
  }
}