{
  "location": "VVS",
  "n_train": 7008,
  "n_test": 1752,
  "CNN_LSTM": {
    "speed_metrics": {
      "MAE": 0.7255047559738159,
      "RMSE": 0.9403981870008262,
      "R2": 0.6390185356140137
    },
    "power_metrics": {
      "MAE": 0.024956032520262232,
      "RMSE": 0.04014573920622153,
      "R2": 0.7368357892950799
    }
  },
  "GB_LSTM": {
    "speed_metrics": {
      "MAE": 0.5005804119727737,
      "RMSE": 0.6788088665682119,
      "R2": 0.8119140592524223
    },
    "power_metrics": {
      "MAE": 0.01984399081987734,
      "RMSE": 0.03626329380685187,
      "R2": 0.7852751016080426
    }
  }
}